*Gurka,,0,
*Kaffe Kharisma bry,,0,
*Kiwi Grön,,0,
*Kiwi ICA,,0,
*Original,,0,
*Vätskeersätt Sport,,0,
*Wienerfläta,,0,
Avfallspåse,,0,
Babyplommontom,,0,
Babyplommontomat,,0,
Bacon tärnad,,0,
Bregott NS,,0,
Broccolibuketter,,0,
Brunos Kabanos,,0,
Dumplings Kyckling,,0,
Flytande honung,,0,
Grevé 28% mellanla,,0,
Grov-stark Senap t,,0,
Gul lök ICA,,0,
ICA Mat&kök 4-p,,0,
ICA Merpack Äpple,,0,
Islåda srt färger,,0,
Jasminris,,0,
Kondomer Grande,,0,
Korvbröd 8-p,,0,
Krysantemum,,0,
Lantbröd Havssalt,,0,
Lingongrova,,0,
Lingonsylt,,0,
Lönnsirap,,0,
Mellanmj ESL 1.5%,,0,
"Mellanmjölk 1,5%",,0,
Mellanmjölk ESL,,0,
Orange Marmalade,,0,
Pant,,0,
Paprika Gul,,0,
Paprika Röd,,0,
Paprikamix,,0,
Parmigi Regg 15mån,,0,
Picadeli sallad,,0,
Piggelin,,0,
Påsklämmor,,0,
Sallat roman ICA,,0,
Salt & Vinägerchip,,0,
Sandwich,,0,
Småcitrus Tango,,0,
StjärnMix,,0,
Strösocker,,0,
Surkål,,0,
Tomatketchup,,0,
Tonic Water,,0,
Universalspray,,0,
Varmkorv siljans,,0,
Vispgrädde 36%,,0,
"Vitamin D 12,5 mcg",,0,
Vätskeersätt Sport,,0,
Ägg 20-pack,,0,
Äpple Pink Lady,,0,
